<?xml version="1.0" encoding="UTF-8"?>
<project-private xmlns="http://www.netbeans.org/ns/project-private/1">
    <editor-bookmarks xmlns="http://www.netbeans.org/ns/editor-bookmarks/2" lastBookmarkId="0"/>
    <open-files xmlns="http://www.netbeans.org/ns/projectui-open-files/2">
        <group>
            <file>file:/C:/Users/Daniel%20Lucarelli/Desktop/arquivos%20-%20pendrive/aqui/lpsAlunoCursoMatricula/src/exercicios/ConexaoBD.java</file>
            <file>file:/C:/Users/Daniel%20Lucarelli/Desktop/arquivos%20-%20pendrive/aqui/lpsAlunoCursoMatricula/src/exercicios/Menu.java</file>
            <file>file:/C:/Users/Daniel%20Lucarelli/Desktop/arquivos%20-%20pendrive/aqui/lpsAlunoCursoMatricula/src/exercicios/AlunoDAO.java</file>
            <file>file:/C:/Users/Daniel%20Lucarelli/Desktop/arquivos%20-%20pendrive/aqui/lpsAlunoCursoMatricula/src/exercicios/LpsAlunoCursoMatricula.java</file>
        </group>
    </open-files>
</project-private>
